{"count":1,"self":194.0346624,"total":2870.7343210999998,"children":{"InitializeActuators":{"count":72,"self":0.0054759,"total":0.0054759,"children":null},"InitializeSensors":{"count":72,"self":0.0029131,"total":0.0029131,"children":null},"AgentSendState":{"count":55134,"self":16.674087999999998,"total":89.1679242,"children":{"CollectObservations":{"count":3969648,"self":24.6319488,"total":24.6319481,"children":null},"WriteActionMask":{"count":3969648,"self":3.8396823999999996,"total":3.8396822,"children":null},"RequestDecision":{"count":3969648,"self":13.397808,"total":44.0222062,"children":{"AgentInfo.ToProto":{"count":3969648,"self":11.398688799999999,"total":30.624397899999998,"children":{"GenerateSensorData":{"count":3969648,"self":19.2257088,"total":19.2257094,"children":null}}}}}}},"DecideAction":{"count":55134,"self":2548.6280704,"total":2548.6280361999998,"children":null},"AgentAct":{"count":55134,"self":38.835446399999995,"total":38.8932974,"children":{"AgentInfo.ToProto":{"count":4462,"self":0.030337799999999998,"total":0.057850399999999996,"children":{"GenerateSensorData":{"count":4462,"self":0.027512599999999998,"total":0.027512599999999998,"children":null}}}}}},"gauges":{"My Behavior.CumulativeReward":{"count":4462,"max":99.18816,"min":-694.2047,"runningAverage":62.8047829,"value":70.73721,"weightedAverage":70.70178}},"metadata":{"timer_format_version":"0.1.0","start_time_seconds":"1714294333","unity_version":"2022.3.23f1","command_line_arguments":"C:\\Program Files\\Unity\\Hub\\Editor\\2022.3.23f1\\Editor\\Unity.exe -projectpath C:\\Users\\carlm\\RL_fp_master_folder\\RL_Final_project -useHub -hubIPC -cloudEnvironment production -licensingIpc LicenseClient-carlm -hubSessionId ca164195-1a1d-4337-97ef-469f76590a66 -accessToken oh1CE3SEmGYVQwIsrT8NAH3XxJaPXfmS7RKHl71CGwo002f","communication_protocol_version":"1.5.0","com.unity.ml-agents_version":"2.0.1","scene_name":"SampleScene","end_time_seconds":"1714297204"}}