{
    "name": "root",
    "gauges": {
        "MyBehavior.Policy.Entropy.mean": {
            "value": 3.988245725631714,
            "min": 3.9677512645721436,
            "max": 4.154779434204102,
            "count": 34
        },
        "MyBehavior.Policy.Entropy.sum": {
            "value": 183778.359375,
            "min": 183778.359375,
            "max": 210597.46875,
            "count": 34
        },
        "MyBehavior.Step.mean": {
            "value": 1699968.0,
            "min": 49984.0,
            "max": 1699968.0,
            "count": 34
        },
        "MyBehavior.Step.sum": {
            "value": 1699968.0,
            "min": 49984.0,
            "max": 1699968.0,
            "count": 34
        },
        "MyBehavior.Policy.ExtrinsicValueEstimate.mean": {
            "value": -61.691097259521484,
            "min": -61.691097259521484,
            "max": 0.2515504062175751,
            "count": 34
        },
        "MyBehavior.Policy.ExtrinsicValueEstimate.sum": {
            "value": -48180.74609375,
            "min": -48180.74609375,
            "max": 196.4608612060547,
            "count": 34
        },
        "MyBehavior.Losses.PolicyLoss.mean": {
            "value": 0.02445971166703086,
            "min": 0.019373079636958817,
            "max": 0.030674153133310404,
            "count": 34
        },
        "MyBehavior.Losses.PolicyLoss.sum": {
            "value": 0.07337913500109258,
            "min": 0.05811923891087645,
            "max": 0.12180210662504229,
            "count": 34
        },
        "MyBehavior.Losses.ValueLoss.mean": {
            "value": 81960.71614583333,
            "min": 81960.71614583333,
            "max": 90276.1828926282,
            "count": 34
        },
        "MyBehavior.Losses.ValueLoss.sum": {
            "value": 245882.1484375,
            "min": 245882.1484375,
            "max": 346666.1694711539,
            "count": 34
        },
        "MyBehavior.Policy.LearningRate.mean": {
            "value": 0.00028996377934540794,
            "min": 0.00028996377934540794,
            "max": 0.000299834112055296,
            "count": 34
        },
        "MyBehavior.Policy.LearningRate.sum": {
            "value": 0.0008698913380362238,
            "min": 0.0008698913380362238,
            "max": 0.001198175232608256,
            "count": 34
        },
        "MyBehavior.Policy.Epsilon.mean": {
            "value": 0.19665459200000002,
            "min": 0.19665459200000002,
            "max": 0.199944704,
            "count": 34
        },
        "MyBehavior.Policy.Epsilon.sum": {
            "value": 0.589963776,
            "min": 0.589963776,
            "max": 0.799391744,
            "count": 34
        },
        "MyBehavior.Policy.Beta.mean": {
            "value": 0.0048330641408,
            "min": 0.0048330641408,
            "max": 0.0049972407296,
            "count": 34
        },
        "MyBehavior.Policy.Beta.sum": {
            "value": 0.0144991924224,
            "min": 0.0144991924224,
            "max": 0.0199696480256,
            "count": 34
        },
        "MyBehavior.IsTraining.mean": {
            "value": 1.0,
            "min": 1.0,
            "max": 1.0,
            "count": 34
        },
        "MyBehavior.IsTraining.sum": {
            "value": 1.0,
            "min": 1.0,
            "max": 1.0,
            "count": 34
        }
    },
    "metadata": {
        "timer_format_version": "0.1.0",
        "start_time_seconds": "1714816530",
        "python_version": "3.9.13 (tags/v3.9.13:6de2ca5, May 17 2022, 16:36:42) [MSC v.1929 64 bit (AMD64)]",
        "command_line_arguments": "C:\\Users\\carlm\\RL_fp_master_folder\\RL_Final_project\\MLvenv\\Scripts\\mlagents-learn config/PPO_config.yaml --run-id=CarlTestRun1",
        "mlagents_version": "0.30.0",
        "mlagents_envs_version": "0.30.0",
        "communication_protocol_version": "1.5.0",
        "pytorch_version": "2.3.0+cpu",
        "numpy_version": "1.21.2",
        "end_time_seconds": "1714817138"
    },
    "total": 607.0640895,
    "count": 1,
    "self": 0.01139690000002247,
    "children": {
        "run_training.setup": {
            "total": 0.11658520000000006,
            "count": 1,
            "self": 0.11658520000000006
        },
        "TrainerController.start_learning": {
            "total": 606.9361074,
            "count": 1,
            "self": 0.4907955999959768,
            "children": {
                "TrainerController._reset_env": {
                    "total": 21.0161567,
                    "count": 1,
                    "self": 21.0161567
                },
                "TrainerController.advance": {
                    "total": 585.343796300004,
                    "count": 23619,
                    "self": 0.4545220000015888,
                    "children": {
                        "env_step": {
                            "total": 414.6853704999966,
                            "count": 23619,
                            "self": 370.4183759999946,
                            "children": {
                                "SubprocessEnvManager._take_step": {
                                    "total": 43.96320550000427,
                                    "count": 23619,
                                    "self": 1.789829600005426,
                                    "children": {
                                        "TorchPolicy.evaluate": {
                                            "total": 42.173375899998845,
                                            "count": 23617,
                                            "self": 42.173375899998845
                                        }
                                    }
                                },
                                "workers": {
                                    "total": 0.30378899999771747,
                                    "count": 23618,
                                    "self": 0.0,
                                    "children": {
                                        "worker_root": {
                                            "total": 464.446301199999,
                                            "count": 23618,
                                            "is_parallel": true,
                                            "self": 293.3399095999973,
                                            "children": {
                                                "steps_from_proto": {
                                                    "total": 0.003678499999999474,
                                                    "count": 1,
                                                    "is_parallel": true,
                                                    "self": 0.0012426999999988197,
                                                    "children": {
                                                        "_process_rank_one_or_two_observation": {
                                                            "total": 0.002435800000000654,
                                                            "count": 2,
                                                            "is_parallel": true,
                                                            "self": 0.002435800000000654
                                                        }
                                                    }
                                                },
                                                "UnityEnvironment.step": {
                                                    "total": 171.10271310000172,
                                                    "count": 23618,
                                                    "is_parallel": true,
                                                    "self": 8.56553750000046,