{
    "name": "root",
    "gauges": {
        "MyBehavior.Policy.Entropy.mean": {
            "value": 4.041116237640381,
            "min": 4.036657810211182,
            "max": 4.1520771980285645,
            "count": 181
        },
        "MyBehavior.Policy.Entropy.sum": {
            "value": 204836.109375,
            "min": 195668.4375,
            "max": 210460.5,
            "count": 181
        },
        "MyBehavior.Environment.EpisodeLength.mean": {
            "value": 4650.0,
            "min": 36.5,
            "max": 47786.666666666664,
            "count": 161
        },
        "MyBehavior.Environment.EpisodeLength.sum": {
            "value": 9300.0,
            "min": 73.0,
            "max": 1530047.0,
            "count": 161
        },
        "MyBehavior.Step.mean": {
            "value": 9049961.0,
            "min": 49995.0,
            "max": 9049961.0,
            "count": 181
        },
        "MyBehavior.Step.sum": {
            "value": 9049961.0,
            "min": 49995.0,
            "max": 9049961.0,
            "count": 181
        },
        "MyBehavior.Policy.ExtrinsicValueEstimate.mean": {
            "value": -1.4433726072311401,
            "min": -1.5442876815795898,
            "max": -0.04673772305250168,
            "count": 181
        },
        "MyBehavior.Policy.ExtrinsicValueEstimate.sum": {
            "value": -1130.1607666015625,
            "min": -1209.17724609375,
            "max": -36.54890060424805,
            "count": 181
        },
        "MyBehavior.Environment.CumulativeReward.mean": {
            "value": 33.548757553100586,
            "min": -626.6404537359873,
            "max": 99.93850326538086,
            "count": 161
        },
        "MyBehavior.Environment.CumulativeReward.sum": {
            "value": 67.09751510620117,
            "min": -23912.660543739796,
            "max": 646.4493332505226,
            "count": 161
        },
        "MyBehavior.Policy.ExtrinsicReward.mean": {
            "value": 33.548757553100586,
            "min": -626.6404537359873,
            "max": 99.93850326538086,
            "count": 161
        },
        "MyBehavior.Policy.ExtrinsicReward.sum": {
            "value": 67.09751510620117,
            "min": -23912.660543739796,
            "max": 646.4493332505226,
            "count": 161
        },
        "MyBehavior.Losses.PolicyLoss.mean": {
            "value": 0.018156419322185684,
            "min": 0.01801005480811,
            "max": 0.03233989417320118,
            "count": 181
        },
        "MyBehavior.Losses.PolicyLoss.sum": {
            "value": 0.09078209661092843,
            "min": 0.06561610696371645,
            "max": 0.1616994708660059,
            "count": 181
        },
        "MyBehavior.Losses.ValueLoss.mean": {
            "value": 2.0028045151010154,
            "min": 0.014939112696223535,
            "max": 15.86193409456561,
            "count": 181
        },
        "MyBehavior.Losses.ValueLoss.sum": {
            "value": 10.014022575505077,
            "min": 0.05975645078489414,
            "max": 68.61579042635859,
            "count": 181
        },
        "MyBehavior.Policy.LearningRate.mean": {
            "value": 0.000245848044050658,
            "min": 0.000245848044050658,
            "max": 0.00029983443005518993,
            "count": 181
        },
        "MyBehavior.Policy.LearningRate.sum": {
            "value": 0.00122924022025329,
            "min": 0.0007681659559446957,
            "max": 0.00147971094676302,
            "count": 181
        },
        "MyBehavior.Policy.Epsilon.mean": {
            "value": 0.18194934200000001,
            "min": 0.18194934200000001,
            "max": 0.19994481,
            "count": 181
        },
        "MyBehavior.Policy.Epsilon.sum": {
            "value": 0.9097467100000001,
            "min": 0.556055304,
            "max": 0.9932369799999999,
            "count": 181
        },
        "MyBehavior.Policy.Beta.mean": {
            "value": 0.0040992721658,
            "min": 0.0040992721658,
            "max": 0.004997246019000001,
            "count": 181
        },
        "MyBehavior.Policy.Beta.sum": {
            "value": 0.020496360829,
            "min": 0.0128071596696,
            "max": 0.024662525302,
            "count": 181
        },
        "MyBehavior.IsTraining.mean": {
            "value": 1.0,
            "min": 1.0,
            "max": 1.0,
            "count": 181
        },
        "MyBehavior.IsTraining.sum": {
            "value": 1.0,
            "min": 1.0,
            "max": 1.0,
            "count": 181
        }
    },
    "metadata": {
        "timer_format_version": "0.1.0",
        "start_time_seconds": "1714817341",
        "python_version": "3.9.13 (tags/v3.9.13:6de2ca5, May 17 2022, 16:36:42) [MSC v.1929 64 bit (AMD64)]",
        "command_line_arguments": "C:\\Users\\carlm\\RL_fp_master_folder\\RL_Final_project\\MLvenv\\Scripts\\mlagents-learn config/PPO_config.yaml --run-id=CarlTestRun1",
        "mlagents_version": "0.30.0",
        "mlagents_envs_version": "0.30.0",
        "communication_protocol_version": "1.5.0",
        "pytorch_version": "2.3.0+cpu",
        "numpy_version": "1.21.2",
        "end_time_seconds": "1714823154"
    },
    "total": 5813.7260177,
    "count": 1,
    "self": 10.038059800000156,
    "children": {
        "run_training.setup": {
            "total": 0.08221460000000014,
            "count": 1,
            "self": 0.08221460000000014
        },
        "TrainerController.start_learning": {
            "total": 5803.6057433,
            "count": 1,
            "self": 3.9238223000602375,
            "children": {
                "TrainerController._reset_env": {
                    "total": 10.0904301,
                    "count": 1,
                    "self": 10.0904301
                },
                "TrainerController.advance": {
                    "total": 5789.41459909994,
                    "count": 126017,
                    "self": 3.7175394998384945,
                    "children": {
                        "env_step": {
                            "total": 4418.520367800084,
                            "count": 126017,
                            "self": 4119.964754600242,
                            "children": {
                                "SubprocessEnvManager._take_step": {
                                    "total": 296.19759109992174,
                                    "count": 126017,
                                    "self": 13.615502599857678,
                                    "children": {
                                        "TorchPolicy.evaluate": {
                                            "total": 282.58208850006406,
                                            "count": 126017,
                                            "self": 282.58208850006406
                                        }
                                    }
                                },
                                "workers": {
                                    "total": 2.3580220999211132,
                                    "count": 126016,
                                    "self": 0.0,
                                    "children": {
                                        "worker_root": {
                                            "total": 5746.025241499957,
                                            "count": 126016,
                                            "is_parallel": true,
                                            "self": 2225.63400270005,
                                            "children": {
                                                "steps_from_proto": {
                                                    "total": 0.0008292000000000854,
                                                    "count": 1,
                                                    "is_parallel": true,